id,name,location,port,bio
1,Ilya Yakover,Vilnius,None,https://images.unsplash.com/photo-1495981635137-a050753d0984?ixlib=rb-0.3.5&q=80&fm=jpg&crop=entropy&cs=tinysrgb&w=1080&fit=max&s=8674d399389d3385887d07e32c82f5e2
2,Aaron Burden,Michigan,http://www.aaronburden.com,https://images.unsplash.com/photo-1495584573439-311b2edeec75?ixlib=rb-0.3.5&q=80&fm=jpg&crop=entropy&cs=tinysrgb&w=1080&fit=max&s=eb4a4be0d98ca367e1ae259d23b78189
3,Ariel Lustre,Coalinga CA,https://www.instagram.com/ariellustre/,https://images.unsplash.com/photo-1499752681915-928f5d5308d3?ixlib=rb-0.3.5&q=80&fm=jpg&crop=entropy&cs=tinysrgb&w=1080&fit=max&s=12f61351a353e78c93ecba91ba319df6
4,NeONBRAND,817 S Main St Las Vegas NV 89101,https://neonbrand.com,https://images.unsplash.com/photo-1499719247078-7607391e1909?ixlib=rb-0.3.5&q=80&fm=jpg&crop=entropy&cs=tinysrgb&w=1080&fit=max&s=b606ce9d571425ef83777e215cb2c3c1
5,Christin Hume,Austin Texas,http://christinhumephoto.com,https://images.unsplash.com/photo-1499742605587-9f09a33df951?ixlib=rb-0.3.5&q=80&fm=jpg&crop=entropy&cs=tinysrgb&w=1080&fit=max&s=8034f0f7e2cecf8faf1f9b240153505a
6,Becca Matimba,Austin TX,https://monikerandb.com,https://images.unsplash.com/photo-1496953288562-47597c151720?ixlib=rb-0.3.5&q=80&fm=jpg&crop=entropy&cs=tinysrgb&w=1080&fit=max&s=bc47e40d8bb8f656ca6effedb6a3febb
7,Ben White,Michigan,http://benwhitephotography.com,https://images.unsplash.com/photo-1485881697404-78678dbc4639?ixlib=rb-0.3.5&q=80&fm=jpg&crop=entropy&cs=tinysrgb&w=1080&fit=max&s=ab597f4a9a4f53163485238153cc7ac7
8,Valentin Antonini,France,None,https://images.unsplash.com/photo-1495879975293-46e8bbb62344?ixlib=rb-0.3.5&q=80&fm=jpg&crop=entropy&cs=tinysrgb&w=1080&fit=max&s=94ecc95159a55a38e53e87d74bf844f0
9,Jeffrey Wegrzyn,Chicago IL,None,https://images.unsplash.com/photo-1483410859390-6dbb1dc2337d?ixlib=rb-0.3.5&q=80&fm=jpg&crop=entropy&cs=tinysrgb&w=1080&fit=max&s=36b25b0a62d6a51513f7f52a402b7829
10,Maksym Zakharyak,None,http://zakharyak.com,https://images.unsplash.com/photo-1490894641324-cfac2f5cd077?ixlib=rb-0.3.5&q=80&fm=jpg&crop=entropy&cs=tinysrgb&w=1080&fit=max&s=c9e4763a7a21031fc681f22e278bbf02
11,erik cid,cabrero chile ,None,https://images.unsplash.com/photo-1489862517246-a9fd4e09402e?ixlib=rb-0.3.5&q=80&fm=jpg&crop=entropy&cs=tinysrgb&w=1080&fit=max&s=0211a72c366921960e7150f73f07b6a6
12,Natalie Heathcoat,None,None,https://images.unsplash.com/photo-1485960994840-902a67e187c8?ixlib=rb-0.3.5&q=80&fm=jpg&crop=entropy&cs=tinysrgb&w=1080&fit=max&s=114f888ba8e3883aa46d09402e07f4a6
13,Alex Vans-Colina,Sydney Australia,None,https://images.unsplash.com/photo-1496282446789-40aee788b9bf?ixlib=rb-0.3.5&q=80&fm=jpg&crop=entropy&cs=tinysrgb&w=1080&fit=max&s=fcc50b813858e5fe7b23a7e4ae776066
14,Annie Theby,None,None,https://images.unsplash.com/photo-1495732403327-6dd9769668d1?ixlib=rb-0.3.5&q=80&fm=jpg&crop=entropy&cs=tinysrgb&w=1080&fit=max&s=a8478c132f77bbd8d4c6d0b691e87baf
15,Brooke Cagle,Fayetteville Arkansas,http://www.brookecagledesign.com,https://images.unsplash.com/photo-1496361173898-72022ec0ffa3?ixlib=rb-0.3.5&q=80&fm=jpg&crop=entropy&cs=tinysrgb&w=1080&fit=max&s=ed162f25ac705c87dad0c2154aa6a87d
16,Luke Braswell,Bentonville,http://Lukebraswell.com,https://images.unsplash.com/photo-1496680891822-547535911891?ixlib=rb-0.3.5&q=80&fm=jpg&crop=entropy&cs=tinysrgb&w=1080&fit=max&s=80ec5eca6451f680af627cdf60fa6d27
17,Toa Heftiba,UK,http://heftiba.co.uk/,https://images.unsplash.com/photo-1496047017858-c558b925d95c?ixlib=rb-0.3.5&q=80&fm=jpg&crop=entropy&cs=tinysrgb&w=1080&fit=max&s=0e7572ad0ef9622db6f6678b5f0b9262
18,Allef Vinicius,Cianorte PR - Brazil,https://www.facebook.com/seteales,https://images.unsplash.com/photo-1498583886829-28abdabc062f?ixlib=rb-0.3.5&q=80&fm=jpg&crop=entropy&cs=tinysrgb&w=1080&fit=max&s=7881ed66791d50f674cda71d52118f6a
19,onur ozkardes,None,http://instagram.com/onurozkards,https://images.unsplash.com/photo-1495907816717-47ca08cb72c5?ixlib=rb-0.3.5&q=80&fm=jpg&crop=entropy&cs=tinysrgb&w=1080&fit=max&s=9c7753b4396b4bb3ace2404ebf8a93c9
20,Max Wolfs,Bremen,http://maxwolfs.com,https://images.unsplash.com/photo-1497381446305-7445b7d4d5cd?ixlib=rb-0.3.5&q=80&fm=jpg&crop=entropy&cs=tinysrgb&w=1080&fit=max&s=b5e6a926484c2920a3b7fc6c86b8ab2c
21,Josh Applegate,Fort Collins CO,http://www.joshuapaulphotography.com,https://images.unsplash.com/photo-1499097505928-42fd92ac09f1?ixlib=rb-0.3.5&q=80&fm=jpg&crop=entropy&cs=tinysrgb&w=1080&fit=max&s=6ab46dadfb9ddc05c4743705f159758c
22,Kaci Baum,Salt Lake City Utah,http://www.kacibaumphotography.com,https://images.unsplash.com/photo-1495647073092-135157cc8085?ixlib=rb-0.3.5&q=80&fm=jpg&crop=entropy&cs=tinysrgb&w=1080&fit=max&s=8c440282645591a3c2b14788f9f4240c
23,Toa Heftiba,UK,http://heftiba.co.uk/,https://images.unsplash.com/photo-1496047017858-c558b925d95c?ixlib=rb-0.3.5&q=80&fm=jpg&crop=entropy&cs=tinysrgb&w=1080&fit=max&s=0e7572ad0ef9622db6f6678b5f0b9262
24,KaLisa Veer,None,None,https://images.unsplash.com/photo-1504381201374-919567f1e6b7?ixlib=rb-0.3.5&q=80&fm=jpg&crop=entropy&cs=tinysrgb&w=1080&fit=max&s=59067ded63268f93168970ab2829171e
25,Brooke Cagle,Fayetteville Arkansas,http://www.brookecagledesign.com,https://images.unsplash.com/photo-1496361173898-72022ec0ffa3?ixlib=rb-0.3.5&q=80&fm=jpg&crop=entropy&cs=tinysrgb&w=1080&fit=max&s=ed162f25ac705c87dad0c2154aa6a87d
26,Annie Theby,None,None,https://images.unsplash.com/photo-1495732403327-6dd9769668d1?ixlib=rb-0.3.5&q=80&fm=jpg&crop=entropy&cs=tinysrgb&w=1080&fit=max&s=a8478c132f77bbd8d4c6d0b691e87baf
27,Brooke Cagle,Fayetteville Arkansas,http://www.brookecagledesign.com,https://images.unsplash.com/photo-1493657321148-d921fb3c9692?ixlib=rb-0.3.5&q=80&fm=jpg&crop=entropy&cs=tinysrgb&w=1080&fit=max&s=04c070460791203fee560f0d41de36e9
28,freestocks.org,Olsztyn,http://freestocks.org,https://images.unsplash.com/photo-1490379936993-c343b8780fbd?ixlib=rb-0.3.5&q=80&fm=jpg&crop=entropy&cs=tinysrgb&w=1080&fit=max&s=31fbc756864494c8fe81c1a24bf19e1e
29,Joseph Chan,Hong Kong,https://www.instagram.com/lokklokkk/,https://images.unsplash.com/photo-1495915892242-054e3010a490?ixlib=rb-0.3.5&q=80&fm=jpg&crop=entropy&cs=tinysrgb&w=1080&fit=max&s=779a6b454262bd64bcd8de506ecf61e3
30,joyce huis,None,None,https://images.unsplash.com/photo-1495741848609-af9ab20af911?ixlib=rb-0.3.5&q=80&fm=jpg&crop=entropy&cs=tinysrgb&w=1080&fit=max&s=f452b39f278be00bf3deee3b0e6883cc
